{
    "input": {
        "operacion": "+",
        "valor1": "between(3.0,7.0)",
        "fuzzy1": [
            1.5,
            3.0,
            7.0,
            10.5
        ],
        "valor2": "around(6.0)",
        "fuzzy2": [
            3.0,
            6.0,
            6.0,
            9.0
        ]
    },
    "output": {
        "JiMa": [
            4.5,
            9.0,
            13.0,
            19.5
        ],
        "TaRe": [
            4.5,
            9.0,
            13.0,
            19.5
        ],
        "SteSoGue": [
            4.5,
            9.0,
            13.0,
            19.5
        ],
        "GrMr": [
            4.5,
            9.0,
            13.000000000000004,
            19.499999999999996
        ],
        "FoBe": [
            7.5,
            11.0,
            11.0,
            16.5
        ],
        "RoSt": [
            7.5,
            11.0,
            11.0,
            16.5
        ],
        "Zadeh": [
            4.5,
            11.0,
            11.0,
            19.5
        ],
        "GiaYo": [
            4.5,
            11.0,
            11.0,
            19.5
        ]
    }
}