{
    "input": {
        "operacion": "+",
        "valor1": "between(3.0,7.0)",
        "fuzzy1": [
            0.5999999999999996,
            3.0,
            7.0,
            12.6
        ],
        "valor2": "around(6.0)",
        "fuzzy2": [
            1.1999999999999993,
            6.0,
            6.0,
            10.8
        ]
    },
    "output": {
        "JiMa": [
            1.799999999999999,
            9.0,
            13.0,
            23.4
        ],
        "TaRe": [
            1.799999999999999,
            9.0,
            13.0,
            23.4
        ],
        "SteSoGue": [
            1.799999999999999,
            9.0,
            12.999999999999998,
            23.4
        ],
        "GrMr": [
            1.799999999999999,
            9.0,
            13.0,
            23.400000000000002
        ],
        "FoBe": [
            6.199999999999999,
            11.0,
            11.0,
            18.6
        ],
        "RoSt": [
            6.199999999999999,
            11.000000000000002,
            11.0,
            18.6
        ],
        "Zadeh": [
            1.799999999999999,
            11.0,
            11.0,
            23.4
        ],
        "GiaYo": [
            1.799999999999999,
            11.0,
            11.0,
            23.4
        ]
    }
}