{
    "input": {
        "operacion": "*",
        "valor1": "between(4.0,7.0)",
        "fuzzy1": [
            2.0,
            4.0,
            7.0,
            10.5
        ],
        "valor2": "between(5.0,6.0)",
        "fuzzy2": [
            2.5,
            5.0,
            6.0,
            9.0
        ]
    },
    "output": {
        "JiMa": [
            2.5,
            20.0,
            42.0,
            110.25
        ],
        "TaRe": [
            5.0,
            20.0,
            42.0,
            94.5
        ],
        "SteSoGue": [
            5.0,
            20.0,
            42.0,
            94.5
        ],
        "GrMr": [
            5.0000000000000036,
            19.999999999999993,
            42.00000000000002,
            94.49999999999997
        ],
        "FoBe": [
            26.75,
            29.75,
            30.75,
            35.25
        ],
        "RoSt": [
            26.75,
            29.75,
            30.75,
            35.25
        ],
        "Zadeh": [
            5.0,
            30.25,
            30.25,
            94.5
        ],
        "GiaYo": [
            5.0,
            30.250000000000004,
            30.250000000000004,
            94.5
        ]
    }
}