{
    "input": {
<<<<<<< HEAD
        "operacion": "+",
        "valor1": "between(3.0,7.0)",
        "fuzzy1": [
            1.5,
            3.0,
            7.0,
            10.5
        ],
        "valor2": "around(6.0)",
        "fuzzy2": [
            3.0,
            6.0,
            6.0,
            9.0
=======
        "operacion": "*",
        "valor1": "between(3.0,4.0)",
        "fuzzy1": [
            1.5,
            3.0,
            4.0,
            6.0
        ],
        "valor2": "around(2.0)",
        "fuzzy2": [
            1.0,
            2.0,
            2.0,
            3.0
>>>>>>> 67869c0dfa3c14152f3054486f86b4c9ba84bba3
        ]
    },
    "output": {
        "JiMa": [
<<<<<<< HEAD
            4.5,
            9.0,
            13.0,
            19.5
        ],
        "TaRe": [
            4.5,
            9.0,
            13.0,
            19.5
        ],
        "SteSoGue": [
            4.5,
            9.0,
            13.0,
            19.5
        ],
        "GrMr": [
            4.5,
            9.0,
            13.000000000000004,
            19.499999999999996
        ],
        "FoBe": [
            7.5,
            11.0,
            11.0,
            16.5
        ],
        "RoSt": [
            7.5,
            11.0,
            11.0,
            16.5
        ],
        "Zadeh": [
            4.5,
            11.0,
            11.0,
            19.5
        ],
        "GiaYo": [
            4.5,
            11.0,
            11.0,
            19.5
=======
            0.75,
            6.0,
            8.0,
            21.0
        ],
        "TaRe": [
            1.5,
            6.0,
            8.0,
            18.0
        ],
        "SteSoGue": [
            1.5,
            6.0,
            8.0,
            18.0
        ],
        "GrMr": [
            1.5,
            6.0,
            8.0,
            18.0
        ],
        "FoBe": [
            5.0,
            7.0,
            7.0,
            9.5
        ],
        "RoSt": [
            5.0,
            7.0,
            7.0,
            9.5
        ],
        "Zadeh": [
            1.5,
            7.0,
            7.0,
            18.0
        ],
        "GiaYo": [
            1.5,
            7.0,
            7.0,
            18.0
>>>>>>> 67869c0dfa3c14152f3054486f86b4c9ba84bba3
        ]
    }
}