{
    "input": {
        "operacion": "+",
        "valor1": "around(2.0)",
        "fuzzy1": [
            1.0,
            2.0,
            2.0,
            3.0
        ],
        "valor2": "around(5.0)",
        "fuzzy2": [
            2.5,
            5.0,
            5.0,
            7.5
        ]
    },
    "output": {
        "JiMa": [
            3.5,
            7.0,
            7.0,
            10.5
        ],
        "TaRe": [
            3.5,
            7.0,
            7.0,
            10.5
        ],
        "SteSoGue": [
            3.5,
            7.0,
            7.0,
            10.5
        ],
        "GrMr": [
            3.5000000000000018,
            6.999999999999998,
            7.0,
            10.5
        ],
        "FoBe": [
            4.5,
            7.0,
            7.0,
            9.5
        ],
        "RoSt": [
            4.5,
            7.0,
            7.0,
            9.5
        ],
        "Zadeh": [
            3.5,
            7.0,
            7.0,
            10.5
        ],
        "GiaYo": [
            3.5,
            7.0,
            7.0,
            10.5
        ]
    }
}