{
    "input": {
        "confidence": "Medium",
        "operacion": "+",
        "valor1": "between(5.0,14.0)",
        "fuzzy1": [
            2.5,
            5.0,
            14.0,
            21.0
        ],
        "valor2": "atMost (7.0)",
        "fuzzy2": [
            -10000.0,
            -10000.0,
            7.0,
            17.5
        ]
    },
    "output": {
        "JiMa": [
            -9997.5,
            -9995.0,
            21.0,
            38.5
        ],
        "TaRe": [
            -9997.5,
            -9995.0,
            21.0,
            38.5
        ],
        "SteSoGue": [
            -9997.5,
            -9995.0,
            21.0,
            38.5
        ],
        "GrMr": [
            -9997.5,
            -9995.0,
            21.000000000000007,
            38.49999999999999
        ],
        "FoBe": [
            -9990.5,
            -4991.5,
            -4982.5,
            27.0
        ],
        "RoSt": [
            -9990.5,
            -4991.5,
            -4982.5,
            27.0
        ],
        "Zadeh": [
            -9997.5,
            -4987.0,
            -4987.0,
            38.5
        ],
        "GiaYo": [
            -9997.5,
            -4987.0,
            -4987.0,
            38.5
        ],
        "Gauss": [
            -4987.0,
            1.0
        ]
    }
}