{
    "input": {
        "operacion": "*",
        "valor1": "between(5.0,8.0)",
        "fuzzy1": [
            2.5,
            5.0,
            8.0,
            12.0
        ],
        "valor2": "between(3.0,6.0)",
        "fuzzy2": [
            1.5,
            3.0,
            6.0,
            9.0
        ]
    },
    "output": {
        "JiMa": [
            1.875,
            15.0,
            48.0,
            126.0
        ],
        "TaRe": [
            3.75,
            15.0,
            48.0,
            108.0
        ],
        "SteSoGue": [
            3.75,
            15.0,
            48.0,
            108.0
        ],
        "GrMr": [
            3.7500000000000027,
            14.999999999999995,
            48.0,
            108.0
        ],
        "FoBe": [
            25.25,
            27.75,
            30.75,
            34.75
        ],
        "RoSt": [
            25.25,
            27.75,
            30.75,
            34.75
        ],
        "Zadeh": [
            3.75,
            29.25,
            29.25,
            108.0
        ],
        "GiaYo": [
            3.75,
            29.250000000000004,
            29.250000000000004,
            108.0
        ]
    }
}