{
    "input": {
        "operacion": "+",
        "valor1": "between(2.0,7.0)",
        "fuzzy1": [
            1.0,
            2.0,
            7.0,
            10.5
        ],
        "valor2": "between(2.0,7.0)",
        "fuzzy2": [
            1.0,
            2.0,
            7.0,
            10.5
        ]
    },
    "output": {
        "JiMa": [
            2.0,
            4.0,
            14.0,
            21.0
        ],
        "TaRe": [
            2.0,
            4.0,
            14.0,
            21.0
        ],
        "SteSoGue": [
            2.0,
            4.0,
            14.0,
            21.0
        ],
        "GrMr": [
            2.0,
            4.0,
            14.000000000000007,
            20.999999999999993
        ],
        "FoBe": [
            5.5,
            6.5,
            11.5,
            15.0
        ],
        "RoSt": [
            5.5,
            6.5,
            11.5,
            15.0
        ],
        "Zadeh": [
            2.0,
            9.0,
            9.0,
            21.0
        ],
        "GiaYo": [
            2.0,
            9.0,
            9.0,
            21.0
        ],
        "Gauss": [
            9.0,
            1.0
        ]
    }
}