{
    "input": {
        "operacion": "*",
        "valor1": "around(1.0)",
        "fuzzy1": [
            0.5,
            1.0,
            1.0,
            1.5
        ],
        "valor2": "between(3.0,7.0)",
        "fuzzy2": [
            1.5,
            3.0,
            7.0,
            10.5
        ]
    },
    "output": {
        "JiMa": [
            0.375,
            3.0,
            7.0,
            18.375
        ],
        "TaRe": [
            0.75,
            3.0,
            7.0,
            15.75
        ],
        "SteSoGue": [
            0.75,
            3.0,
            7.0,
            15.75
        ],
        "GrMr": [
            0.75,
            3.0,
            7.0000000000000036,
            15.749999999999995
        ],
        "FoBe": [
            1.5,
            5.0,
            5.0,
            10.5
        ],
        "RoSt": [
            1.5,
            5.0,
            5.0,
            10.5
        ],
        "Zadeh": [
            0.75,
            5.0,
            5.0,
            15.75
        ],
        "GiaYo": [
            0.75,
            5.0,
            5.0,
            15.75
        ],
        "Gauss": [
            5.0,
            0.5
        ]
    }
}